tickerName,modelName,RMSE,sharpeRatio,expectedValue
BLK,BiDirectional LSTM,11.064612446771003,0.18439496,750.35535
BLK,LSTM,13.72897134068515,0.2129025,742.07745
BLK,RNN,9.958272518946723,0.092269465,747.0579
BLK,ANN,15.69928375129638,0.24854726,752.1489
BLK,CNN,63.20885412068767,0.13814504,646.23694
BLK,Random Forrest,76.45316364342698,0.14570341282569335,None
BLK,Attention-based LSTM,33.22205503049021,0.023887392479778974,731.6073
DG,BiDirectional LSTM,5.5268618293145675,-0.17770559,164.85979
DG,LSTM,6.5213946602030015,-0.12123731,164.9383
DG,RNN,4.641033376620926,-0.11400718,164.5652
DG,ANN,7.149509247098896,-0.2562146,166.67749
DG,CNN,27.10421984382605,0.10222318,144.26537
DG,Random Forrest,2.251620613293048,0.11085006187909746,None
DG,Attention-based LSTM,10.229502046624852,-0.11168312217424904,165.5329
CABO,BiDirectional LSTM,18.723595010009998,0.049002264,725.27094
CABO,LSTM,39.442091557206076,0.028632544,715.72833
CABO,RNN,25.06694586659513,0.05379077,720.6961
CABO,ANN,34.08956164117765,0.041254897,736.8155
CABO,CNN,63.99698094451107,0.25625852,676.8667
CABO,Random Forrest,565.2724061456869,0.2335960750885097,None
CABO,Attention-based LSTM,186.04833660649135,0.020401488696741892,675.17194
AZO,BiDirectional LSTM,52.62751104570136,-0.06082666,2493.3574
AZO,LSTM,68.79406954083147,-0.016991042,2503.7964
AZO,RNN,36.06813530011445,0.017972235,2500.149
AZO,ANN,143.94960471861455,-0.059732173,2471.663
AZO,CNN,128.73454561632786,0.22270392,2349.4556
AZO,Random Forrest,284.59880373582524,0.21211805645306292,None
AZO,Attention-based LSTM,105.55818214052346,0.014635563123326676,2498.1787
BKNG,BiDirectional LSTM,45.36699193019193,0.13142887,2924.1926
BKNG,LSTM,74.63212906964034,0.13845125,2889.9856
BKNG,RNN,44.33442589655468,0.07358397,2948.5547
BKNG,ANN,46.91593036895238,0.12382017,2929.9495
BKNG,CNN,91.88371655677327,0.099260986,2820.9824
BKNG,Random Forrest,512.8679090805635,0.10851407932920693,None
BKNG,Attention-based LSTM,147.46240183878837,0.14330599271229064,2847.1213
ASML,BiDirectional LSTM,16.754701205610527,0.05105091,685.21735
ASML,LSTM,20.53847308298293,0.0534291,692.1752
ASML,RNN,14.481854950722086,0.06709233,687.85596
ASML,ANN,21.30632071246828,0.05609723,686.2291
ASML,CNN,37.272016257836825,0.218528,665.8255
ASML,Random Forrest,169.54334314304316,0.23418381160272092,None
ASML,Attention-based LSTM,58.79423118205383,0.057734041758729024,726.1709
EQIX,BiDirectional LSTM,12.285529460878696,0.15912451,817.5006
EQIX,LSTM,14.06292761850979,0.21765622,809.93
EQIX,RNN,11.530802260786963,0.13511567,815.29504
EQIX,ANN,13.660006369508698,0.18216996,813.6194
EQIX,CNN,26.252778581461016,0.084649466,795.16364
EQIX,Random Forrest,68.8643888782648,0.07991012822873986,None
EQIX,Attention-based LSTM,25.82634839737533,0.09533307211400391,797.5635
CMG,BiDirectional LSTM,37.008845338412875,0.20914716,2090.773
CMG,LSTM,64.15884686533254,0.23302454,2098.423
CMG,RNN,30.858456762008753,0.17207466,2095.3987
CMG,ANN,78.6435155681526,0.3348909,2106.7761
CMG,CNN,79.65414693609893,0.17938428,2008.7567
CMG,Random Forrest,233.23774968669002,0.1908490075603031,None
CMG,Attention-based LSTM,74.30871189056825,0.11344826942646699,2099.369
COKE,BiDirectional LSTM,15.39090174170631,0.1977405,644.0683
COKE,LSTM,21.505906948362195,0.2211927,633.3842
COKE,RNN,14.837622349778213,0.08057937,641.0008
COKE,ANN,17.753178923213785,0.2453297,644.35254
COKE,CNN,30.70457974591579,0.23183666,598.8828
COKE,Random Forrest,50.82205500414869,0.22215154043525698,None
COKE,Attention-based LSTM,32.90656406143312,0.10319286318337863,639.3126
AVGO,BiDirectional LSTM,28.86284158375687,0.34548792,910.9483
AVGO,LSTM,82.50708123124619,0.39822027,897.0714
AVGO,RNN,22.393209874248008,0.23140247,913.2522
AVGO,ANN,41.728392861140556,0.4028272,897.58057
AVGO,CNN,58.79119154936807,0.20913844,785.703
AVGO,Random Forrest,81.53979046232475,0.19928704709849596,None
AVGO,Attention-based LSTM,72.07130453735408,0.1807973904133895,878.946
LRCX,BiDirectional LSTM,16.516541336223437,0.20509236,644.97235
LRCX,LSTM,14.591770282927158,0.31110337,637.8981
LRCX,RNN,15.381950925356719,0.14004439,649.9486
LRCX,ANN,19.281271468862144,0.24324648,635.0446
LRCX,CNN,20.85303729193839,0.19758746,613.37976
LRCX,Random Forrest,37.46371718849437,0.21230977147821783,None
LRCX,Attention-based LSTM,29.662400245048843,0.0945011561449275,632.0513
FICO,BiDirectional LSTM,11.85431606870171,0.2615551,848.70624
FICO,LSTM,32.38002494832553,0.2714442,836.44025
FICO,RNN,12.653812444819888,0.13453482,856.79504
FICO,ANN,23.897601649747653,0.32837498,839.99536
FICO,CNN,35.00331045055405,0.1460993,782.6117
FICO,Random Forrest,36.887213080630964,0.15783580126097618,None
FICO,Attention-based LSTM,34.21513433971671,0.11962323432273848,825.40295
GWW,BiDirectional LSTM,35.77712972786308,0.21269868,762.59314
GWW,LSTM,39.77301017122291,0.2536111,771.4306
GWW,RNN,10.955095285290673,0.100528754,767.3395
GWW,ANN,13.968682486464974,0.32539365,770.151
GWW,CNN,37.6874769675495,0.17921664,712.5303
GWW,Random Forrest,36.613172717984995,0.18370050256649176,None
GWW,Attention-based LSTM,43.883347280753654,0.09912330453868759,760.9849
FCNCA,BiDirectional LSTM,51.46899721098483,0.25702894,1376.1367
FCNCA,LSTM,105.94690474135716,0.22522132,1351.5317
FCNCA,RNN,48.00661984427175,0.15554586,1379.8428
FCNCA,ANN,73.67340173084767,0.35008702,1358.3683
FCNCA,CNN,75.75383982055655,0.21693453,1233.6775
FCNCA,Random Forrest,145.27140949087692,0.2176249831372186,None
FCNCA,Attention-based LSTM,175.08041967658806,0.08953438342951905,1245.6986
IBM,BiDirectional LSTM,2.518563529598461,0.13697934,139.37297
IBM,LSTM,1.6427007493483177,0.15039043,138.48315
IBM,RNN,1.3831215785747815,0.0907519,140.59772
IBM,ANN,2.3098563002909533,0.15035309,139.54312
IBM,CNN,5.237324146743882,0.07103376,130.10771
IBM,Random Forrest,1.4799000017241661,0.05278404633030337,None
IBM,Attention-based LSTM,3.153537569555781,-0.013027968247950189,136.10838
MKL,BiDirectional LSTM,15.523115742058218,0.12681599,1423.0619
MKL,LSTM,19.5559821046944,0.11488687,1423.4551
MKL,RNN,16.85685201813833,0.06420843,1421.0438
MKL,ANN,16.092624633730587,0.1498471,1422.9104
MKL,CNN,88.1668660849549,0.07777624,1301.6642
MKL,Random Forrest,100.4800547071411,0.08718176364552052,None
MKL,Attention-based LSTM,64.07537272340048,0.05773526543535552,1378.928
MELI,BiDirectional LSTM,33.80176373550237,-0.033580277,1181.254
MELI,LSTM,44.85630586407113,-0.038218834,1193.0494
MELI,RNN,32.454640490736764,0.008406389,1177.6329
MELI,ANN,30.30460592456939,-0.045084663,1188.834
MELI,CNN,53.673062314101074,0.21663988,1168.2212
MELI,Random Forrest,307.3127634407421,0.23580066533385105,None
MELI,Attention-based LSTM,104.8983286689754,0.060815536172506506,1179.2052
MTD,BiDirectional LSTM,29.107406819345012,-0.13699675,1335.7954
MTD,LSTM,28.099037734150382,-0.124710776,1332.116
MTD,RNN,26.618636034499644,-0.021808345,1318.7499
MTD,ANN,30.7651800104794,-0.17273155,1343.6678
MTD,CNN,118.90003333660152,0.16792975,1212.0779
MTD,Random Forrest,109.75211240534263,0.18072751499308642,None
MTD,Attention-based LSTM,64.76313660937427,0.00017638283853004647,1327.981
HUM,BiDirectional LSTM,11.249073229089923,-0.1381633,456.22678
HUM,LSTM,11.870087470274692,-0.15023641,455.21765
HUM,RNN,9.466861921527297,-0.039161164,454.4934
HUM,ANN,10.799067178997799,-0.17062163,456.3871
HUM,CNN,43.34419980006513,0.10926729,407.40436
HUM,Random Forrest,17.520010260066197,0.1129716903929378,None
HUM,Attention-based LSTM,36.32399287413855,-0.036290510334356915,444.43845
NVR,BiDirectional LSTM,92.3626270415322,0.14909932,6299.85
NVR,LSTM,126.48042727643636,0.16828148,6283.727
NVR,RNN,75.20602508020859,0.15650842,6363.4927
NVR,ANN,93.63268575795759,0.19505532,6258.186
NVR,CNN,241.93815537561733,0.108957574,6017.3076
NVR,Random Forrest,2756.2273492728536,0.12254223181052838,None
NVR,Attention-based LSTM,327.95318571920353,0.15218287547586176,6238.6504
WTM,BiDirectional LSTM,24.915478117442152,0.1324577,1584.8904
WTM,LSTM,31.789594084243472,0.11942272,1541.7927
WTM,RNN,26.18033344576419,0.062062766,1590.3682
WTM,ANN,30.571161670511596,0.18907164,1579.5487
WTM,CNN,100.40149897656396,0.11780451,1369.4924
WTM,Random Forrest,91.7750373522464,0.10867088432902135,None
WTM,Attention-based LSTM,118.2975035554058,0.07018634507086371,1455.7805
ORLY,BiDirectional LSTM,13.61522506135911,0.16852139,960.40845
ORLY,LSTM,27.608997933709368,0.26062524,959.99396
ORLY,RNN,21.982848276263173,0.18798615,960.8109
ORLY,ANN,22.91166062080294,0.36690816,956.10394
ORLY,CNN,42.16966396994681,0.18466243,902.6109
ORLY,Random Forrest,34.05470076882978,0.18886636662346598,None
ORLY,Attention-based LSTM,23.558140205388884,0.07483727947427511,958.07935
REGN,BiDirectional LSTM,17.65635528126388,-0.12301971,730.1147
REGN,LSTM,17.274197568852138,-0.120103545,729.1514
REGN,RNN,16.06932000824131,-0.022446683,729.0357
REGN,ANN,17.051498550421638,-0.15845062,729.4052
REGN,CNN,38.776420569579585,0.15385748,681.954
REGN,Random Forrest,81.03321456962142,0.17012493828743713,None
REGN,Attention-based LSTM,31.810291710793795,0.004126801152478059,741.72473
TPL,BiDirectional LSTM,53.36478822609932,-0.18384159,1511.5366
TPL,LSTM,37.094501473454535,-0.1602405,1437.1825
TPL,RNN,32.73879580807173,-0.10349722,1511.5721
TPL,ANN,45.49669811583646,-0.25814632,1487.4883
TPL,CNN,268.7735238014713,0.33959562,1171.3585
TPL,Random Forrest,430.20180667653943,0.2867529709793756,None
TPL,Attention-based LSTM,100.75020971837165,-0.12977509420552558,1425.1863
TDG,BiDirectional LSTM,29.010623393585252,0.21633871,884.57806
TDG,LSTM,42.2880125560804,0.25078878,880.6586
TDG,RNN,16.162169937292305,0.11997897,892.37244
TDG,ANN,42.01875005663059,0.32960486,881.79443
TDG,CNN,63.449464234332815,0.11609194,783.96985
TDG,Random Forrest,72.62165721770708,0.12509563657187348,None
TDG,Attention-based LSTM,27.306066892065044,0.1553788574102794,900.082
APD,BiDirectional LSTM,5.639320879447547,0.07548736,304.62988
APD,LSTM,4.094826764887654,0.076230586,302.92627
APD,RNN,3.751654576273023,0.041633565,305.98093
APD,ANN,3.9446804940626916,0.08080624,304.523
APD,CNN,13.541079450122012,0.0680015,284.14975
APD,Random Forrest,6.956462714415016,0.0777011889869321,None
APD,Attention-based LSTM,12.377865381029096,0.016933851510046904,295.9053
ARGX,BiDirectional LSTM,16.294240520794176,0.1796451,528.80493
ARGX,LSTM,24.67970330744256,0.2307924,494.08792
ARGX,RNN,12.712892981844547,0.10927882,524.3505
ARGX,ANN,20.4970761981856,0.21083651,523.2156
ARGX,CNN,17.719378786290847,0.21388839,489.49966
ARGX,Random Forrest,125.03950937465694,0.22490891040176164,None
ARGX,Attention-based LSTM,28.780721914679358,0.09037666907605243,444.57452
ADBE,BiDirectional LSTM,10.737500720139188,0.29434118,525.1902
ADBE,LSTM,12.756100229894223,0.3395267,526.3714
ADBE,RNN,8.903158674528115,0.27941284,526.78064
ADBE,ANN,12.857337993036447,0.40324494,523.04816
ADBE,CNN,27.9724044326847,0.16376959,490.21
ADBE,Random Forrest,24.91296180595857,0.1576728728175777,None
ADBE,Attention-based LSTM,18.886081544040046,0.1321236294257425,519.30695
ALGN,BiDirectional LSTM,9.7298926322822,0.0146627985,332.88614
ALGN,LSTM,10.119487877112272,0.029193439,331.21423
ALGN,RNN,8.59572606683535,0.05562846,333.9048
ALGN,ANN,15.773713466948992,0.023920115,334.4549
ALGN,CNN,30.619624396724838,0.25743228,319.76248
ALGN,Random Forrest,53.85684334141722,0.26289449802493037,None
ALGN,Attention-based LSTM,18.8296084995269,0.10938698060412122,345.54456
ACN,BiDirectional LSTM,5.182657608842583,0.1500619,316.43387
ACN,LSTM,6.826119646989309,0.1523671,317.7244
ACN,RNN,6.189925690349858,0.14080213,317.03793
ACN,ANN,7.8975985023217845,0.2078311,313.8913
ACN,CNN,36.50026122844477,0.1389569,273.0307
ACN,Random Forrest,9.563431649177893,0.1394440618989135,None
ACN,Attention-based LSTM,12.810890919740412,0.03398203149995888,313.46725
AON,BiDirectional LSTM,6.1765745064431075,0.10288968,343.19086
AON,LSTM,5.829544171504379,0.04877467,337.75085
AON,RNN,4.251585917283923,0.11630813,343.02112
AON,ANN,6.228485046597298,0.13377324,343.4297
AON,CNN,26.73924392442011,0.1360889,304.66605
AON,Random Forrest,5.135328199201403,0.13398452433058453,None
AON,Attention-based LSTM,22.816770114168197,0.0880268658037152,336.718
ANSS,BiDirectional LSTM,6.041453640525131,0.08919921,344.5587
ANSS,LSTM,6.078607676866944,0.075789146,342.8308
ANSS,RNN,4.900061161515189,0.100967064,343.88574
ANSS,ANN,6.27282585634729,0.09642097,340.9776
ANSS,CNN,30.604638877440053,0.12676917,306.77463
ANSS,Random Forrest,9.159623450731708,0.12123309718303499,None
ANSS,Attention-based LSTM,8.975213008833158,0.10233225319329493,342.6951
ADP,BiDirectional LSTM,3.193698964551333,0.20801286,240.29523
ADP,LSTM,3.304533036990493,0.1992722,234.4141
ADP,RNN,2.523586771824007,0.09122536,241.00658
ADP,ANN,3.643787343121428,0.27339387,239.1436
ADP,CNN,13.833058031237229,0.14268422,216.09601
ADP,Random Forrest,3.050132219949203,0.12483951154436876,None
ADP,Attention-based LSTM,6.398758919236066,-0.01904977147696736,230.8931
AMP,BiDirectional LSTM,6.936769922453711,0.19757609,354.7704
AMP,LSTM,6.800962809587203,0.13402103,350.8526
AMP,RNN,6.3117904707859,0.02632975,354.8789
AMP,ANN,8.32236507766644,0.34066463,354.3414
AMP,CNN,20.517130798012143,0.21268302,319.54477
AMP,Random Forrest,7.593695555933687,0.21039097737435816,None
AMP,Attention-based LSTM,20.971079260606412,0.04285922899393226,332.46057
ASR,BiDirectional LSTM,8.66408847596487,-0.1342078,262.65707
ASR,LSTM,7.791315306585209,-0.08518485,263.4691
ASR,RNN,5.473558071051552,-0.027288524,261.49118
ASR,ANN,5.180158539201299,-0.16498864,267.8609
ASR,CNN,17.345775264486072,0.20184904,255.98647
ASR,Random Forrest,11.089647857903687,0.1883033876382465,None
ASR,Attention-based LSTM,16.298939338218467,0.04097140966984455,283.00327
BIO,BiDirectional LSTM,12.644257098228588,-0.08024876,420.1353
BIO,LSTM,16.244574893404973,-0.12372187,411.8
BIO,RNN,11.835766662873546,-0.05365965,420.42102
BIO,ANN,17.41038550416507,-0.1343647,419.80386
BIO,CNN,44.71703416294943,0.16253196,372.05988
BIO,Random Forrest,63.65544115583894,0.15999608062356932,None
BIO,Attention-based LSTM,35.21208935515914,0.017539147431087573,387.20953
BIIB,BiDirectional LSTM,6.739329237559343,-0.029935721,272.5882
BIIB,LSTM,4.7225806304047495,-0.045433555,274.66364
BIIB,RNN,3.9208028765609177,0.021209879,272.71588
BIIB,ANN,4.233958191654486,-0.029710531,274.41873
BIIB,CNN,12.570518987317714,0.07331897,276.25262
BIIB,Random Forrest,14.013398599764397,0.10513971116080925,None
BIIB,Attention-based LSTM,7.454033852249023,-0.027035687589796763,277.49817
BDX,BiDirectional LSTM,4.168818119909724,0.11542282,281.23853
BDX,LSTM,4.0091275971575335,0.107820965,276.99716
BDX,RNN,2.967117070003164,0.1634239,283.30756
BDX,ANN,3.97976256845441,0.12170636,281.60596
BDX,CNN,11.317530192029574,0.049340785,252.39134
BDX,Random Forrest,5.829619647852487,0.031097355199892346,None
BDX,Attention-based LSTM,7.6182968670841476,0.1191992299265493,269.43365
CAT,BiDirectional LSTM,5.593078209250815,0.179762,260.63345
CAT,LSTM,5.995269743504853,0.19730955,258.4476
CAT,RNN,4.431739986839316,0.029850256,262.36743
CAT,ANN,5.676555076319269,0.2587313,258.63577
CAT,CNN,12.932625756369642,0.14661461,241.52869
CAT,Random Forrest,4.805432587028518,0.1607513198885074,None
CAT,Attention-based LSTM,14.041957546097548,0.046375886597712364,248.54466
CACC,BiDirectional LSTM,12.5851529898032,0.124842964,549.2421
CACC,LSTM,16.978815177123977,0.15415113,552.2788
CACC,RNN,11.940812510056121,0.09532819,552.5108
CACC,ANN,13.034819967961694,0.16790795,550.63275
CACC,CNN,34.1722503807043,0.14066622,508.9065
CACC,Random Forrest,81.47381464677088,0.1340755348817487,None
CACC,Attention-based LSTM,32.416808322151155,0.040170385825635105,539.1631
CHE,BiDirectional LSTM,12.274567985210119,0.016884873,563.70825
CHE,LSTM,9.140091239681663,-0.0032710924,557.05493
CHE,RNN,5.21637930753655,0.07585087,566.5111
CHE,ANN,5.302366877694357,0.023531279,565.4815
CHE,CNN,43.54940967038382,0.045795426,497.38278
CHE,Random Forrest,7.821292549348356,0.051280174033238375,None
CHE,Attention-based LSTM,9.765214516783406,0.0761980802379221,550.85956
CACI,BiDirectional LSTM,3.3481192667118993,0.2167681,350.31854
CACI,LSTM,8.830198066544991,0.21962532,345.884
CACI,RNN,3.3213670242332243,0.15936098,352.78842
CACI,ANN,3.3118472640222816,0.25824934,351.20258
CACI,CNN,12.956695388362144,0.08039819,330.81726
CACI,Random Forrest,3.945530783610617,0.08332467006223446,None
CACI,Attention-based LSTM,11.191045747203512,0.07810272655531052,349.6495
BLD,BiDirectional LSTM,5.635310987325147,0.28782943,268.23712
BLD,LSTM,5.384363015315672,0.29168373,267.4476
BLD,RNN,4.646979680033236,0.14670627,269.85867
BLD,ANN,5.049495424601761,0.4013618,267.8892
BLD,CNN,16.452791058011794,0.18821447,248.66035
BLD,Random Forrest,5.563948631983582,0.20846737101148952,None
BLD,Attention-based LSTM,18.227322618788037,0.17713834337780035,256.4892
CASY,BiDirectional LSTM,5.012657242315701,0.19231501,252.21756
CASY,LSTM,3.8443392359901,0.20736217,247.49568
CASY,RNN,3.99051890393342,0.1526803,254.88246
CASY,ANN,4.089693498480339,0.23300695,254.9335
CASY,CNN,18.454541709632117,0.083571,224.34149
CASY,Random Forrest,4.808578125337971,0.09186584483837952,None
CASY,Attention-based LSTM,7.080976102531375,0.034028353204692954,247.87912
CHTR,BiDirectional LSTM,7.659100769958469,0.12673488,398.86
CHTR,LSTM,15.590814002772161,0.17239928,385.955
CHTR,RNN,8.168080258334614,0.06544737,397.80942
CHTR,ANN,11.63781322051344,0.13610147,395.1752
CHTR,CNN,26.641803531709222,0.17654876,371.16168
CHTR,Random Forrest,48.97083829229152,0.16743929475186936,None
CHTR,Attention-based LSTM,26.360726065989287,0.018841398080877526,371.38898
COO,BiDirectional LSTM,5.335096316045449,0.057794634,386.96616
COO,LSTM,5.168326775442275,0.049094606,386.0999
COO,RNN,5.182823471676088,0.13412352,386.63135
COO,ANN,6.364632982847098,0.074049965,388.1474
COO,CNN,29.338386598418438,0.08736648,357.20087
COO,Random Forrest,23.420839237276404,0.08870475880503316,None
COO,Attention-based LSTM,8.507292423507762,0.0933169377877,391.99402
CSL,BiDirectional LSTM,3.253518195057539,0.3824657,269.67065
CSL,LSTM,4.0590711201951155,0.33462283,265.12357
CSL,RNN,4.843432322081425,0.028706929,268.8656
CSL,ANN,8.942872298675296,0.59554005,265.5349
CSL,CNN,20.543059883645583,0.21610026,239.53032
CSL,Random Forrest,3.948292249340828,0.187580478033468,None
CSL,Attention-based LSTM,17.60296345998881,0.03913209204702355,255.55676
CTAS,BiDirectional LSTM,5.125788376823859,0.2400113,512.7693
CTAS,LSTM,7.584501644778847,0.15938137,509.61823
CTAS,RNN,8.54541738552004,0.1504168,515.33704
CTAS,ANN,8.289104131559583,0.40098494,509.49573
CTAS,CNN,35.255600475148064,0.13866451,454.80533
CTAS,Random Forrest,16.087697778234297,0.14717988313234678,None
CTAS,Attention-based LSTM,13.194638607621524,0.07180516572572003,501.33603
CVCO,BiDirectional LSTM,8.598178640477338,0.019278968,294.3818
CVCO,LSTM,8.495918076294087,0.011415632,291.3054
CVCO,RNN,6.523301389797748,0.020533621,294.2034
CVCO,ANN,7.216713870807436,0.01034676,293.8874
CVCO,CNN,24.16110298025176,0.12417596,263.2837
CVCO,Random Forrest,8.128031758513364,0.12553630892672826,None
CVCO,Attention-based LSTM,10.7902278702522,0.09311746332616058,293.4167
CMI,BiDirectional LSTM,3.8802902498287017,0.15840928,257.72424
CMI,LSTM,5.029636476589296,0.15015279,256.11807
CMI,RNN,4.122052403302431,0.033573993,257.87265
CMI,ANN,5.555259052084472,0.26526955,257.45718
CMI,CNN,23.842516441632128,0.09738502,224.41446
CMI,Random Forrest,5.437717039193313,0.11258056459913843,None
CMI,Attention-based LSTM,9.848703736744872,0.019663018410496304,254.94864
CI,BiDirectional LSTM,6.714596644922594,0.12753108,292.2703
CI,LSTM,5.461837552677919,0.10696892,288.2816
CI,RNN,5.488549021948977,0.014165741,295.15332
CI,ANN,5.960909509270773,0.16904813,292.0074
CI,CNN,18.979543657363827,0.14822105,264.25217
CI,Random Forrest,4.307730072820975,0.1338264014915458,None
CI,Attention-based LSTM,15.401742053862835,-0.010127843658654405,287.39026
COST,BiDirectional LSTM,6.660591921827318,0.26451698,564.8646
COST,LSTM,9.42721602014487,0.27898386,557.48016
COST,RNN,5.6115218859036045,0.20320995,565.3324
COST,ANN,10.445812642795454,0.33624917,560.9944
COST,CNN,28.55425579196463,0.1564543,513.4659
COST,Random Forrest,9.030572643246165,0.15354777214888032,None
COST,Attention-based LSTM,13.389154746964614,0.0389880057437521,549.7403
DE,BiDirectional LSTM,12.541651533652306,0.207617,440.9136
DE,LSTM,11.7942362128604,0.11804438,435.9175
DE,RNN,7.340975489062267,0.037516154,443.4668
DE,ANN,9.863041135578658,0.28867432,440.70593
DE,CNN,26.820163870372316,0.22966446,391.23624
DE,Random Forrest,10.171082155539677,0.23795999501609397,None
DE,Attention-based LSTM,16.88941266643082,0.03787299065303444,418.74786
DDS,BiDirectional LSTM,10.688126493270811,0.045318745,314.35983
DDS,LSTM,9.464030202148455,0.038104825,309.8253
DDS,RNN,7.650563624507417,-0.035395894,314.42096
DDS,ANN,10.331399868288186,0.042868793,314.1906
DDS,CNN,32.54945669073824,0.43677574,269.38495
DDS,Random Forrest,19.335935864782268,0.39101298458912354,None
DDS,Attention-based LSTM,28.059242867532426,-0.02050634349833029,322.68915
DECK,BiDirectional LSTM,14.070837664933064,0.20369986,550.9442
DECK,LSTM,35.88326857419965,0.18344635,542.09155
DECK,RNN,10.240922315850923,0.16367714,556.7641
DECK,ANN,24.400271543424687,0.25683552,544.0279
DECK,CNN,25.3523018604737,0.21960269,505.71198
DECK,Random Forrest,17.576541413363575,0.23860958374445324,None
DECK,Attention-based LSTM,42.84023939880942,0.16756347176097094,538.4345
DHR,BiDirectional LSTM,4.52774721676924,0.033536255,255.33165
DHR,LSTM,6.397093138375219,-0.013767301,246.2292
DHR,RNN,3.7209236116845066,0.041174755,254.98267
DHR,ANN,6.258955262826907,0.0054706414,253.55797
DHR,CNN,24.256075709565614,0.1639708,219.27226
DHR,Random Forrest,6.912151205893528,0.16616678269927,None
DHR,Attention-based LSTM,8.940064008883349,-0.0035661122494050797,243.71921
ELV,BiDirectional LSTM,9.777965159762134,-0.025176674,476.2719
ELV,LSTM,11.321741669928107,-0.034614187,464.2211
ELV,RNN,8.939815305679636,0.012479745,472.97855
ELV,ANN,12.725590493456842,-0.045837544,476.38663
ELV,CNN,40.57423887833642,0.18303467,411.548
ELV,Random Forrest,17.12783809134264,0.1670692601244998,None
ELV,Attention-based LSTM,17.67717693581979,0.004972326274810787,446.42474
FDS,BiDirectional LSTM,7.7230179636232155,0.08446057,438.14462
FDS,LSTM,8.585109448854718,0.081875555,423.9323
FDS,RNN,6.521593893466954,0.048898257,438.06366
FDS,ANN,8.23174361587728,0.105978966,435.1269
FDS,CNN,33.94780199663674,0.12876827,378.22678
FDS,Random Forrest,10.963338463075731,0.12213349473674681,None
FDS,Attention-based LSTM,19.59253608854639,0.0036023095424010617,402.49942
EG,BiDirectional LSTM,5.33754346544974,0.017767195,365.0688
EG,LSTM,8.068663193981747,0.026341205,362.4352
EG,RNN,6.641069674572045,-0.01965553,365.62668
EG,ANN,5.792103024702192,0.02025816,366.52768
EG,CNN,36.744252892399984,0.11198073,313.44006
EG,Random Forrest,5.658789748995028,0.11763837472993824,None
EG,Attention-based LSTM,29.895457893579536,0.06274373438552978,345.92975
FDX,BiDirectional LSTM,4.484679861807273,0.1674263,259.34402
FDX,LSTM,4.089208133004802,0.2301917,259.89053
FDX,RNN,3.7068896275638217,0.17789596,260.03488
FDX,ANN,4.538729286506833,0.24968313,259.61612
FDX,CNN,13.691014654116124,0.16352324,244.3182
FDX,Random Forrest,4.452003438755282,0.17330858736965182,None
FDX,Attention-based LSTM,10.016756401476208,0.15035979693310655,249.02348
ESGR,BiDirectional LSTM,4.473599940427255,0.12971634,257.85504
ESGR,LSTM,5.518569431944451,0.13802919,258.02048
ESGR,RNN,3.8672534168575803,0.070617095,257.2955
ESGR,ANN,5.396476421653909,0.15495253,259.2587
ESGR,CNN,26.71370580121263,0.10250523,224.25508
ESGR,Random Forrest,4.64503838800748,0.11550162341784301,None
ESGR,Attention-based LSTM,12.594788901589254,0.10560019532161889,251.43983
FLT,BiDirectional LSTM,4.396032129326262,0.17977385,252.72556
FLT,LSTM,4.6585332184101365,0.23184937,252.45137
FLT,RNN,4.093121993585483,0.10263665,252.37411
FLT,ANN,5.216105550073782,0.25006422,251.87302
FLT,CNN,24.22116670896652,0.11071275,231.8828
FLT,Random Forrest,4.366865167523954,0.09678371167031362,None
FLT,Attention-based LSTM,7.240396368851778,0.09578772335070677,256.16446
DPZ,BiDirectional LSTM,7.974657672334174,0.1663374,391.1334
DPZ,LSTM,10.802963167586967,0.159766,375.14615
DPZ,RNN,7.078335762356393,0.17813103,398.40732
DPZ,ANN,10.229597567908261,0.20336838,385.3654
DPZ,CNN,13.635607658937856,0.12781529,373.08356
DPZ,Random Forrest,22.633008252504567,0.13077890572111517,None
DPZ,Attention-based LSTM,17.153736716111492,0.02681658994587145,386.31235
GHC,BiDirectional LSTM,8.684910609006065,-0.022051267,578.18414
GHC,LSTM,9.945062198899185,-0.013048671,574.3552
GHC,RNN,8.76492960043766,-0.05727828,577.9681
GHC,ANN,9.04672668481736,-0.016268006,579.4166
GHC,CNN,46.67127861114176,0.12145029,525.4579
GHC,Random Forrest,38.77697870990668,0.131520056908782,None
GHC,Attention-based LSTM,46.0063291751954,-0.0365025002590992,566.4622
GPI,BiDirectional LSTM,4.772304234240118,0.145531,250.4814
GPI,LSTM,15.692448684634078,0.16696271,255.12987
GPI,RNN,5.286760547729765,0.07838339,249.90668
GPI,ANN,15.330030449705927,0.33121324,256.1642
GPI,CNN,10.809001025752774,0.23228331,243.83662
GPI,Random Forrest,4.799985413967942,0.24716207689351288,None
GPI,Attention-based LSTM,11.625164805226726,0.09162762130091592,260.08072
GS,BiDirectional LSTM,5.634764044220645,0.11549129,356.29907
GS,LSTM,9.14128120410455,0.09161712,348.9811
GS,RNN,5.1952827787839855,0.031007273,354.6767
GS,ANN,7.7180541823737965,0.13409011,355.3735
GS,CNN,31.70730913753165,0.18037258,303.44904
GS,Random Forrest,10.703455945634497,0.17188995339063792,None
GS,Attention-based LSTM,16.569589797610718,-0.016652722477897574,331.8212
INSP,BiDirectional LSTM,12.586102428101498,0.13924502,287.92667
INSP,LSTM,15.028783646939635,0.14521797,293.2595
INSP,RNN,6.547144312565702,0.037415337,290.94492
INSP,ANN,6.79796832842214,0.18815862,296.63162
INSP,CNN,10.241328639772584,0.27636427,298.8717
INSP,Random Forrest,5.0770827040782045,0.29547711865808446,None
INSP,Attention-based LSTM,14.175758230383892,0.08645406673869724,314.43076
IDXX,BiDirectional LSTM,9.8170248715149,0.19796695,555.1178
IDXX,LSTM,11.042750206047495,0.18242697,529.8871
IDXX,RNN,9.165156441993698,0.1194754,556.6846
IDXX,ANN,10.272602016712733,0.27406973,550.2413
IDXX,CNN,55.510085738850066,0.17496781,479.84317
IDXX,Random Forrest,24.505351240142396,0.1921076016679412,None
IDXX,Attention-based LSTM,21.02861512161682,0.08966676208048444,526.7957
ISRG,BiDirectional LSTM,9.639063995586824,0.21761562,328.62924
ISRG,LSTM,7.617614701182481,0.36621672,334.16837
ISRG,RNN,5.01636367724127,0.21191533,330.48663
ISRG,ANN,8.117959840606337,0.37328142,333.10135
ISRG,CNN,18.777453948031457,0.1258913,313.58185
ISRG,Random Forrest,6.473710860919705,0.14799480541016843,None
ISRG,Attention-based LSTM,33.22854744829351,0.07682058774557536,339.0046
ICLR,BiDirectional LSTM,6.142524241308733,0.14587107,246.45197
ICLR,LSTM,5.420117794148375,0.17166647,242.53049
ICLR,RNN,4.5232209544645725,0.0421264,250.60083
ICLR,ANN,7.500637721497085,0.14789476,246.60373
ICLR,CNN,13.029828866981694,0.120012194,232.35191
ICLR,Random Forrest,7.760278947348268,0.12009092696131672,None
ICLR,Attention-based LSTM,11.096319321305867,0.037098238577062445,243.46144
HD,BiDirectional LSTM,4.658240877216408,0.1830745,324.3843
HD,LSTM,4.813258917774448,0.16319577,317.82675
HD,RNN,5.654695658003942,0.10345325,325.39282
HD,ANN,4.356577650360706,0.30478737,323.34512
HD,CNN,14.889513440854799,0.10820407,298.97308
HD,Random Forrest,9.50835544330528,0.11035517512077377,None
HD,Attention-based LSTM,9.481596415724466,0.020158561906870244,313.81384
INTU,BiDirectional LSTM,9.588818974918444,0.12199036,493.24533
INTU,LSTM,10.913952324457044,0.13443014,490.76813
INTU,RNN,9.138516748023413,0.12367151,496.1268
INTU,ANN,12.855173278813021,0.17296928,490.5805
INTU,CNN,31.205698793381785,0.17200035,452.0527
INTU,Random Forrest,33.27403590422085,0.1681098624978523,None
INTU,Attention-based LSTM,14.02343792559005,0.0686828489315324,479.9075
HUBB,BiDirectional LSTM,5.47885321824285,0.43657306,324.7036
HUBB,LSTM,19.36470478697436,0.5413865,330.07486
HUBB,RNN,5.634072258843827,0.1755053,320.66562
HUBB,ANN,7.839657280761586,0.7615112,332.0624
HUBB,CNN,14.440157716997136,0.16595663,309.91275
HUBB,Random Forrest,8.407578411692937,0.16572479097192191,None
HUBB,Attention-based LSTM,17.604834389494133,0.10715882747926635,331.726
HUBS,BiDirectional LSTM,14.98709612000946,0.30406657,546.93726
HUBS,LSTM,12.779047852640232,0.36814123,544.04
HUBS,RNN,10.918061833094457,0.19357282,553.3203
HUBS,ANN,23.073586063316046,0.5271784,539.68304
HUBS,CNN,29.404861042760007,0.2714044,515.9503
HUBS,Random Forrest,62.51882871154766,0.28202149061879667,None
HUBS,Attention-based LSTM,27.517711702320007,0.13890503862834042,551.0101
HCA,BiDirectional LSTM,7.378302692975728,0.06153064,284.91934
HCA,LSTM,6.762750312328206,0.06221397,282.6999
HCA,RNN,4.384778724766864,0.14319296,285.45917
HCA,ANN,5.183856372942423,0.129245,285.97873
HCA,CNN,9.078986129858244,0.19866014,277.95834
HCA,Random Forrest,4.057166019214411,0.20676605670883402,None
HCA,Attention-based LSTM,8.312104283723574,0.10415661145095723,292.9087
IT,BiDirectional LSTM,5.36866519077444,0.18313178,360.48682
IT,LSTM,9.77689712416362,0.24648601,362.99802
IT,RNN,7.890744108638369,0.07571662,360.041
IT,ANN,8.525239097441094,0.23735783,358.08383
IT,CNN,29.17050672793851,0.25351673,322.0285
IT,Random Forrest,6.943664998632888,0.24822882890579223,None
IT,Attention-based LSTM,14.587955155842442,0.032529005289521684,357.83768
ITW,BiDirectional LSTM,3.3527397086516855,0.1360847,255.08603
ITW,LSTM,5.815944690386835,0.1584294,254.51735
ITW,RNN,5.414372067996197,0.07955341,255.07478
ITW,ANN,4.363179090869276,0.26485068,255.78836
ITW,CNN,7.133332283497463,0.08679866,248.47017
ITW,Random Forrest,4.007049071695555,0.09501390314212689,None
ITW,Attention-based LSTM,7.85408579621951,0.0548811085999821,251.20462
LFUS,BiDirectional LSTM,4.953055322126726,0.1712976,298.0491
LFUS,LSTM,6.130039797386114,0.19001304,294.5527
LFUS,RNN,5.627423574632043,0.08312608,298.91354
LFUS,ANN,5.840937748773721,0.23631036,296.61993
LFUS,CNN,17.18038919670854,0.13274866,276.9596
LFUS,Random Forrest,8.140431161595314,0.14345301624068382,None
LFUS,Attention-based LSTM,24.9168683043797,0.07410655853876622,280.23776
KLAC,BiDirectional LSTM,10.383179504969744,0.17198451,464.3308
KLAC,LSTM,13.650125621282799,0.20404819,461.9136
KLAC,RNN,10.588891267050771,0.09973211,464.7376
KLAC,ANN,10.949409788704155,0.19609988,459.4771
KLAC,CNN,23.88125485677917,0.22187112,439.08615
KLAC,Random Forrest,16.54049888098964,0.226062552437697,None
KLAC,Attention-based LSTM,43.1580877690539,0.06783802174217773,474.3339
LLY,BiDirectional LSTM,7.211888458462207,0.33978233,459.846
LLY,LSTM,18.854532546399735,0.3938074,456.18707
LLY,RNN,8.98133085391844,0.33196643,457.04507
LLY,ANN,15.526792123066652,0.5200727,461.27417
LLY,CNN,23.986516653688792,0.26275855,417.61002
LLY,Random Forrest,8.748048371885517,0.2518042890083361,None
LLY,Attention-based LSTM,25.87985919903266,0.11635591451705932,453.74432
LAD,BiDirectional LSTM,6.906798589532421,0.31413952,295.09705
LAD,LSTM,8.528004131874228,0.36742434,306.50955
LAD,RNN,6.289108180572297,0.08073931,294.7013
LAD,ANN,11.471315284163786,0.626093,300.0886
LAD,CNN,10.621999827684967,0.19869985,301.11795
LAD,Random Forrest,9.633353045930102,0.23361636423527285,None
LAD,Attention-based LSTM,39.645123622438334,0.06354931810606963,290.08167
LIN,BiDirectional LSTM,5.113692859050341,0.114922926,388.67383
LIN,LSTM,13.445079592688153,0.12052861,384.3829
LIN,RNN,8.452932532078483,0.08429683,389.85495
LIN,ANN,10.483065414672799,0.17788664,384.70728
LIN,CNN,16.02444428885144,0.12729119,358.6336
LIN,Random Forrest,6.9771560020861,0.14165356032297144,None
LIN,Attention-based LSTM,25.904774001035797,0.06985517820910145,376.87897
LII,BiDirectional LSTM,5.029689005605357,0.29941547,332.9995
LII,LSTM,5.591187016072223,0.39946085,330.66187
LII,RNN,5.740070608300854,0.17265216,333.31137
LII,ANN,7.792123950257093,0.42833707,332.03848
LII,CNN,9.203836438963698,0.10123452,329.14474
LII,Random Forrest,8.380310367076367,0.10591112862193486,None
LII,Attention-based LSTM,11.013448139573937,0.07983277819577089,334.00803
KNSL,BiDirectional LSTM,7.9166269432429655,0.18010704,380.9802
KNSL,LSTM,10.85226135013778,0.2102431,379.22708
KNSL,RNN,6.298401773701167,0.10276491,380.42538
KNSL,ANN,9.976623732209246,0.22422804,379.71005
KNSL,CNN,18.51840800506019,0.20972104,350.02838
KNSL,Random Forrest,9.783491674918976,0.22999545218216508,None
KNSL,Attention-based LSTM,26.382773173923546,0.07755029040016667,371.89426
LMT,BiDirectional LSTM,5.337605083862549,-0.10408926,454.6992
LMT,LSTM,5.458900200688808,-0.14101183,451.20996
LMT,RNN,5.082777286444248,-0.02569467,454.6017
LMT,ANN,8.913141647940218,-0.11638585,455.4573
LMT,CNN,13.948003869273181,0.078599535,449.96838
LMT,Random Forrest,17.70864783882937,0.07696910544047053,None
LMT,Attention-based LSTM,27.262086000549825,-0.006379404431244487,460.71655
LULU,BiDirectional LSTM,6.459032805747432,0.051171582,381.9278
LULU,LSTM,8.408424168489146,0.06799063,383.9317
LULU,RNN,8.413308479908673,0.107526354,383.01492
LULU,ANN,6.738932555121348,0.05733974,381.66245
LULU,CNN,36.86496656549194,0.12806597,339.35486
LULU,Random Forrest,46.99680886974735,0.14626817788305158,None
LULU,Attention-based LSTM,21.698474838000333,0.028675985457151946,379.26883
MCK,BiDirectional LSTM,6.015847861726015,0.20498323,412.45132
MCK,LSTM,12.933798742932664,0.25904092,413.43466
MCK,RNN,6.527281605935067,0.17087536,412.3201
MCK,ANN,9.078722324904852,0.3715561,415.00314
MCK,CNN,30.976485143870615,0.2608809,368.619
MCK,Random Forrest,6.5280216301210094,0.244408277678489,None
MCK,Attention-based LSTM,32.04630708806599,0.06883328469672345,412.00342
MA,BiDirectional LSTM,6.5466596750884865,0.1552063,402.7903
MA,LSTM,5.918385225457462,0.19395953,397.23264
MA,RNN,4.097186994172024,0.12181638,401.3957
MA,ANN,6.170808433520484,0.16010237,401.83835
MA,CNN,47.52092042677509,0.06888688,342.42938
MA,Random Forrest,7.602324994560637,0.07543541487966993,None
MA,Attention-based LSTM,16.597157750454006,0.08819226455340065,387.8006
MDB,BiDirectional LSTM,13.7859595933352,0.23956454,416.83865
MDB,LSTM,16.201107398634452,0.32863948,411.5973
MDB,RNN,12.706393593478102,0.19687632,420.46838
MDB,ANN,18.58332174517249,0.3728293,413.20584
MDB,CNN,27.32241702570634,0.2625705,377.4175
MDB,Random Forrest,72.26054633340557,0.25165371275521203,None
MDB,Attention-based LSTM,25.546908005036034,0.13218765170683336,408.5445
MKTX,BiDirectional LSTM,7.39980299487448,-0.27518582,271.5235
MKTX,LSTM,5.645102390251538,-0.20227212,268.87955
MKTX,RNN,7.8343355414302405,-0.13686043,269.25592
MKTX,ANN,6.448772745158876,-0.3392841,270.52515
MKTX,CNN,31.72317405289248,0.18914917,241.29807
MKTX,Random Forrest,24.823168874771632,0.17125949003778146,None
MKTX,Attention-based LSTM,26.04377669241948,0.020437383860489225,259.61346
MCD,BiDirectional LSTM,2.468523883526745,0.08662901,293.67874
MCD,LSTM,5.625979433786843,0.10886171,292.37836
MCD,RNN,2.744248847918004,0.17002138,293.06183
MCD,ANN,2.6984639002559425,0.1506283,294.89093
MCD,CNN,11.271653173574071,0.09207309,280.89474
MCD,Random Forrest,3.916601835366727,0.09296497729852844,None
MCD,Attention-based LSTM,11.373540747876012,0.06109265682456258,293.271
MCO,BiDirectional LSTM,6.708421349622211,0.3258994,360.45343
MCO,LSTM,4.692056583270555,0.32437497,355.20123
MCO,RNN,3.8873817162435182,0.18806823,362.62262
MCO,ANN,4.816389099535154,0.46665636,359.03195
MCO,CNN,27.603477248246065,0.106271274,319.91135
MCO,Random Forrest,7.596844304920867,0.11119693607997648,None
MCO,Attention-based LSTM,19.34354600251995,0.08000760512712188,344.9713
MLM,BiDirectional LSTM,9.791131070699228,0.4440782,458.09967
MLM,LSTM,8.217741422949269,0.4118154,454.51617
MLM,RNN,7.015985902435303,0.1675138,457.77765
MLM,ANN,7.663283712202553,0.609974,458.2418
MLM,CNN,15.008065644988749,0.1563386,439.97794
MLM,Random Forrest,11.094995796371267,0.15495600846162408,None
MLM,Attention-based LSTM,17.009325749104374,0.0992185076197349,453.53986
META,BiDirectional LSTM,5.9052938550808385,0.28118038,294.48383
META,LSTM,6.732136055919127,0.26676202,299.11554
META,RNN,5.386683482189462,0.29403394,295.79797
META,ANN,7.711692041311223,0.4761964,296.56226
META,CNN,27.613960483580172,0.21330439,271.33032
META,Random Forrest,10.014258221854867,0.19537133718282784,None
META,Attention-based LSTM,10.685339365404355,0.205258307131534,306.79553
MEDP,BiDirectional LSTM,8.947185208094503,0.22509715,254.222
MEDP,LSTM,6.903570637641747,0.21975705,246.98875
MEDP,RNN,4.717624627160026,0.10659853,256.62973
MEDP,ANN,11.96533935502189,0.2853508,249.44183
MEDP,CNN,10.258201885758616,0.20501998,232.05278
MEDP,Random Forrest,4.644753860823575,0.2236677959156943,None
MEDP,Attention-based LSTM,13.014230685689741,0.03535776806046881,243.77843
MOH,BiDirectional LSTM,7.013938629190892,0.07338936,314.76425
MOH,LSTM,7.428731017480531,0.07776532,310.38657
MOH,RNN,5.399842735648477,0.087326206,314.38614
MOH,ANN,7.969181019637387,0.12398773,316.3445
MOH,CNN,26.526569584663264,0.2161665,276.5513
MOH,Random Forrest,8.460593990041449,0.2090792076370385,None
MOH,Attention-based LSTM,19.208132597994872,0.010092711901094073,297.91602
MSCI,BiDirectional LSTM,13.281600378665788,-0.030402934,531.14215
MSCI,LSTM,15.07417361333757,-0.027033804,517.4207
MSCI,RNN,11.140549388400022,-0.0014830917,546.13947
MSCI,ANN,17.294958984433464,-0.04815745,517.9387
MSCI,CNN,57.67419615799435,0.17129163,443.29782
MSCI,Random Forrest,26.384916408360127,0.1831541740938966,None
MSCI,Attention-based LSTM,36.6934242710644,0.007741457056882803,497.5449
MPWR,BiDirectional LSTM,17.61098436410335,0.07391777,547.5067
MPWR,LSTM,21.927033826248177,0.08826106,525.0309
MPWR,RNN,15.76240118649155,0.044171706,549.52094
MPWR,ANN,19.63645646704742,0.0750691,538.04126
MPWR,CNN,16.953486380317194,0.23141983,544.05505
MPWR,Random Forrest,23.3893985163709,0.24601608959503685,None
MPWR,Attention-based LSTM,56.19316367412491,0.07950016616755008,531.8525
MSFT,BiDirectional LSTM,5.374445967898898,0.24875724,348.7771
MSFT,LSTM,7.235024668029781,0.28198433,346.6357
MSFT,RNN,4.898191314134607,0.22408327,350.15173
MSFT,ANN,16.002201377569573,0.3305396,345.38586
MSFT,CNN,21.413579833614186,0.1617514,316.71164
MSFT,Random Forrest,5.817909427931677,0.1668239576578106,None
MSFT,Attention-based LSTM,13.614636727028483,0.12746299310772344,343.94604
MUSA,BiDirectional LSTM,4.747261666645368,0.36015192,317.62183
MUSA,LSTM,5.511108468786162,0.40448174,316.72336
MUSA,RNN,4.095014850561222,0.16553506,315.1689
MUSA,ANN,7.180536319744922,0.6054776,317.78055
MUSA,CNN,9.44453614691396,0.25676465,302.0948
MUSA,Random Forrest,6.323297110495043,0.24660213879495615,None
MUSA,Attention-based LSTM,10.19242082368282,0.042663107612929366,308.56647
MSTR,BiDirectional LSTM,14.560630240746157,0.13574256,420.18826
MSTR,LSTM,18.786345951559305,0.21265133,419.97223
MSTR,RNN,16.628263382077044,0.153968,429.2554
MSTR,ANN,16.111915432741803,0.18693066,422.30762
MSTR,CNN,35.71375958261291,0.3196059,395.3999
MSTR,Random Forrest,138.15389066941117,0.3366962978274344,None
MSTR,Attention-based LSTM,39.43335861830582,0.13336892105644055,433.4276
NOC,BiDirectional LSTM,5.588235354871121,-0.07683551,454.78815
NOC,LSTM,6.855482576929045,-0.09578102,455.0443
NOC,RNN,7.013161040297509,-0.015985174,457.02286
NOC,ANN,9.139110145717684,-0.09230915,454.77753
NOC,CNN,41.30526817584137,0.13294692,405.46954
NOC,Random Forrest,11.341263652954584,0.11944949362607468,None
NOC,Attention-based LSTM,24.42155536990962,-0.04277129055217921,452.83588
NFLX,BiDirectional LSTM,10.502210101567544,0.20564424,425.84885
NFLX,LSTM,13.24653271515706,0.23236568,435.3191
NFLX,RNN,9.894789695293149,0.15724494,428.57733
NFLX,ANN,12.723724293527276,0.27507177,425.6262
NFLX,CNN,36.0775112487135,0.22954755,405.30597
NFLX,Random Forrest,40.24148002530002,0.2165164118158255,None
NFLX,Attention-based LSTM,20.69521907871142,0.09059901575483172,446.9522
MSI,BiDirectional LSTM,3.3757560794610715,0.06768644,296.99948
MSI,LSTM,7.4145182077775305,0.04567021,295.61288
MSI,RNN,3.4769567079343995,0.102493465,297.4422
MSI,ANN,7.724878062122361,0.10201459,296.02344
MSI,CNN,25.710422059754414,0.15509507,258.1679
MSI,Random Forrest,3.109207786522122,0.15095892643859654,None
MSI,Attention-based LSTM,7.874146681076504,0.07543366474189139,293.69006
NEU,BiDirectional LSTM,5.790934532533144,0.21282387,441.28226
NEU,LSTM,6.268426870539076,0.29637417,435.94492
NEU,RNN,5.4391125120301265,0.18056662,440.85776
NEU,ANN,8.123377931801677,0.25730127,437.2621
NEU,CNN,26.512378029317144,0.09372782,392.14557
NEU,Random Forrest,10.579285622907248,0.09499763351714277,None
NEU,Attention-based LSTM,18.794255523878313,0.1610608033627875,428.50137
NOW,BiDirectional LSTM,14.899554852390642,0.19012602,580.02716
NOW,LSTM,11.843757050047422,0.19279602,582.3928
NOW,RNN,10.206645241396828,0.16617312,583.84143
NOW,ANN,15.345781859482727,0.26229656,580.2523
NOW,CNN,40.3575640998308,0.16757034,536.56244
NOW,Random Forrest,24.47780622927017,0.17282955581566448,None
NOW,Attention-based LSTM,25.805144405868383,0.10023741260537226,575.4452
ODFL,BiDirectional LSTM,8.276542943226028,0.12568109,393.3474
ODFL,LSTM,11.872109088737682,0.18790619,388.09097
ODFL,RNN,7.320001978682486,0.07440786,397.35986
ODFL,ANN,10.657731339398227,0.17218558,391.11887
ODFL,CNN,20.588363577718184,0.21002585,360.71692
ODFL,Random Forrest,11.000624796955702,0.22243387057307892,None
ODFL,Attention-based LSTM,15.828461248661544,0.07610417008734385,388.7734
PEN,BiDirectional LSTM,5.67438616717642,0.084944695,301.785
PEN,LSTM,14.731118299704816,0.033740148,298.0291
PEN,RNN,4.9350102917296566,0.09025958,302.08072
PEN,ANN,7.1624455908563185,0.08651777,303.02478
PEN,CNN,22.302552249150345,0.15619461,276.0876
PEN,Random Forrest,9.765270166407857,0.16959329241157206,None
PEN,Attention-based LSTM,17.56685767999786,0.1497741938668767,312.33392
NWLI,BiDirectional LSTM,17.818885610834243,0.1849115,404.38788
NWLI,LSTM,36.011377146364296,0.25367358,409.45172
NWLI,RNN,16.29143858975631,0.10324467,403.3504
NWLI,ANN,17.53408650750548,0.17415267,404.4322
NWLI,CNN,19.58077427377305,0.11384521,380.33423
NWLI,Random Forrest,14.232365746021312,0.11999189196474158,None
NWLI,Attention-based LSTM,43.7104975070655,0.11087767301178937,405.68146
PAYC,BiDirectional LSTM,6.641961284146362,0.16848113,353.61136
PAYC,LSTM,7.854634832752897,0.22290966,350.64636
PAYC,RNN,6.293576980380478,0.13194625,355.36517
PAYC,ANN,11.308463797461378,0.20273171,354.08325
PAYC,CNN,17.57954647759052,0.14891629,344.2995
PAYC,Random Forrest,25.09032746192334,0.14727200803493928,None
PAYC,Attention-based LSTM,13.731964292573336,0.021432938426572214,354.32425
NVDA,BiDirectional LSTM,13.674164426818283,0.2849257,452.22156
NVDA,LSTM,27.027038954113063,0.337049,456.1664
NVDA,RNN,15.339195699227504,0.21233405,456.59863
NVDA,ANN,19.213917658820275,0.2936249,442.25165
NVDA,CNN,9.494946054568004,0.29152337,441.1756
NVDA,Random Forrest,40.43204314766283,0.3054273377459888,None
NVDA,Attention-based LSTM,28.430254095370678,0.1910240612863723,452.37933
POOL,BiDirectional LSTM,7.461638483629027,0.09613897,375.37967
POOL,LSTM,8.754519659865569,0.14227082,366.26373
POOL,RNN,6.942915275874343,0.035965126,377.50403
POOL,ANN,11.048833629134318,0.14680026,366.48987
POOL,CNN,50.60406879143106,0.17855525,318.8699
POOL,Random Forrest,22.617562941524387,0.1869539832928781,None
POOL,Attention-based LSTM,17.903336249825983,0.032428822472267,371.19092
PH,BiDirectional LSTM,6.5013141059610025,0.2858506,397.45773
PH,LSTM,13.355494980587451,0.36430603,394.66074
PH,RNN,6.579546644667041,0.080560386,397.8139
PH,ANN,12.202944233151154,0.46697024,396.78476
PH,CNN,12.447524423153126,0.15536878,385.4051
PH,Random Forrest,14.084917819597784,0.1671528954110866,None
PH,Attention-based LSTM,24.448949421470207,0.09603095708207725,403.44235
PSA,BiDirectional LSTM,4.997557706857809,-0.09006142,293.76376
PSA,LSTM,5.931601630629596,-0.08946008,292.83374
PSA,RNN,5.496429961550901,0.0021605655,293.7849
PSA,ANN,5.080793308950509,-0.13705361,290.95355
PSA,CNN,27.105884218771862,0.14903519,262.41605
PSA,Random Forrest,8.812291756021809,0.13649782563836646,None
PSA,Attention-based LSTM,11.010602230829665,0.013607728926716675,293.88565
PODD,BiDirectional LSTM,5.851307207090727,-0.11012251,281.17407
PODD,LSTM,6.26144901401601,-0.051771164,279.32532
PODD,RNN,5.301140843424906,0.0021387774,281.7367
PODD,ANN,6.046189501231588,-0.1208314,281.29343
PODD,CNN,26.658335763200217,0.12593551,255.64046
PODD,Random Forrest,6.566666447267691,0.14234288434361705,None
PODD,Attention-based LSTM,15.052725371162856,-0.014402315621289501,285.5008
QQQ,BiDirectional LSTM,5.476210681188241,0.36323178,377.7974
QQQ,LSTM,5.364228460207949,0.42806274,378.95108
QQQ,RNN,4.676491954943228,0.32181638,377.06818
QQQ,ANN,10.190225770393534,0.55026346,376.54126
QQQ,CNN,38.12966208560545,0.13608153,328.5496
QQQ,Random Forrest,5.351727778947633,0.14256140510491033,None
QQQ,Attention-based LSTM,8.636473548225586,0.13349092732508816,375.39032
RH,BiDirectional LSTM,8.10472858017614,0.46157986,386.16818
RH,LSTM,7.976477555098133,0.49243587,358.0786
RH,RNN,7.366587757337036,0.17732008,386.82895
RH,ANN,9.66341355696199,0.7226887,379.49173
RH,CNN,28.256641971303875,0.25013533,348.674
RH,Random Forrest,42.454392166939705,0.27445201260611424,None
RH,Attention-based LSTM,20.927324806938156,0.07277424514383027,369.32944
ROK,BiDirectional LSTM,4.787825123295586,0.25695625,338.1011
ROK,LSTM,5.924314962352259,0.29515108,339.9264
ROK,RNN,5.079028458546842,0.105716,338.77243
ROK,ANN,8.969462064955856,0.47453588,337.74933
ROK,CNN,30.117557773319,0.12916255,298.41992
ROK,Random Forrest,5.978543707546085,0.14034430704092662,None
ROK,Attention-based LSTM,18.498442223174763,0.09497076208720544,337.27753
ROP,BiDirectional LSTM,9.368778385154982,0.22259204,492.67545
ROP,LSTM,6.032430891323052,0.22104943,486.57507
ROP,RNN,4.548424839596481,0.15047722,494.63882
ROP,ANN,5.2164189153555665,0.33937952,491.27457
ROP,CNN,14.960876656198726,0.062262557,468.28058
ROP,Random Forrest,10.224862249680045,0.0776586754028537,None
ROP,Attention-based LSTM,7.573615572766381,0.07377005843692509,481.7728
SAIA,BiDirectional LSTM,9.367030793090786,0.2532917,400.3616
SAIA,LSTM,14.791100771724478,0.27525738,389.01956
SAIA,RNN,11.45700770125609,0.14383079,393.0081
SAIA,ANN,13.148298046442717,0.30126253,391.41022
SAIA,CNN,8.820145192214655,0.24878922,394.2123
SAIA,Random Forrest,23.92522813081894,0.26497769284001865,None
SAIA,Attention-based LSTM,34.58736438345796,0.11462863025350889,331.73947
SAM,BiDirectional LSTM,5.663071660215737,-0.07916352,309.72906
SAM,LSTM,7.907285803444294,-0.053858854,306.4422
SAM,RNN,5.58820249825602,-0.06289177,308.54425
SAM,ANN,9.629176925225094,-0.14458232,304.92697
SAM,CNN,84.96673547052502,0.2885631,262.38068
SAM,Random Forrest,87.88841054565931,0.2701852317977822,None
SAM,Attention-based LSTM,25.892221299746264,-0.04965433205360127,314.23117
RS,BiDirectional LSTM,5.334481263010988,0.20000014,290.37897
RS,LSTM,5.020964480387893,0.19566846,281.80853
RS,RNN,4.4622826740027275,0.07608991,293.6384
RS,ANN,5.883175364250651,0.33101833,286.96173
RS,CNN,20.420371158734465,0.2113271,249.17546
RS,Random Forrest,4.917701787398035,0.20529571574027825,None
RS,Attention-based LSTM,9.834282325012007,0.13948790398825361,283.93036
RACE,BiDirectional LSTM,11.769704569218733,0.15060794,315.6259
RACE,LSTM,16.26684344829159,0.22341299,316.5869
RACE,RNN,5.031282695482067,0.13501915,315.91495
RACE,ANN,7.9223150329835965,0.17433305,315.66113
RACE,CNN,13.900731487378385,0.11323296,301.4897
RACE,Random Forrest,3.648634697303453,0.12310878043258261,None
RACE,Attention-based LSTM,11.598649428400607,0.1857816903857923,324.00317
SHW,BiDirectional LSTM,3.2620410608313537,0.28763077,273.48398
SHW,LSTM,3.586528074827008,0.37200168,268.5221
SHW,RNN,3.7501853695048295,0.20838223,274.5438
SHW,ANN,4.501624023156146,0.4561649,269.8107
SHW,CNN,28.206556031221016,0.113964744,234.43294
SHW,Random Forrest,7.368763122838685,0.11844525972498952,None
SHW,Attention-based LSTM,18.273110204814717,0.045359323670963674,252.38742
SMCI,BiDirectional LSTM,14.017502110094918,0.385601,329.39755
SMCI,LSTM,55.13881924782013,0.30593204,293.07248
SMCI,RNN,8.018787277021254,0.25660756,324.945
SMCI,ANN,15.664576418124893,0.4909005,308.5304
SMCI,CNN,3.8954291468845854,0.29270756,323.64087
SMCI,Random Forrest,31.060082226016505,0.2759489564835016,None
SMCI,Attention-based LSTM,99.15322120754323,0.19074835734002268,295.43814
SNA,BiDirectional LSTM,7.141499626233029,0.16338877,274.6502
SNA,LSTM,10.021813714391538,0.21592765,277.78882
SNA,RNN,4.335811382774731,0.07903931,274.2791
SNA,ANN,10.571201533933383,0.27545714,275.48743
SNA,CNN,31.305400618690513,0.14868622,240.71939
SNA,Random Forrest,6.484670713083013,0.14677977121010824,None
SNA,Attention-based LSTM,9.871324391311083,0.07086239414235182,283.44543
SPGI,BiDirectional LSTM,4.741736361241242,0.35680372,427.3301
SPGI,LSTM,6.291195857752271,0.46626905,418.5579
SPGI,RNN,7.546869572408972,0.20277329,426.80878
SPGI,ANN,9.355648757350634,0.5604739,422.92987
SPGI,CNN,16.646150692037075,0.111210674,396.8094
SPGI,Random Forrest,9.840372961192298,0.11221017078217878,None
SPGI,Attention-based LSTM,40.06155545713667,0.08326256513125303,413.69977
SWAV,BiDirectional LSTM,7.549739525533328,0.07744005,269.98593
SWAV,LSTM,10.774675496232392,0.10650807,273.06805
SWAV,RNN,9.447583679378504,0.12974232,270.46915
SWAV,ANN,7.311220807625774,0.123116344,270.70798
SWAV,CNN,23.976555053100572,0.3610807,235.25551
SWAV,Random Forrest,12.331541621133901,0.3647281739940639,None
SWAV,Attention-based LSTM,18.107424637345048,0.027570883948152693,272.82974
SNPS,BiDirectional LSTM,9.12583782641971,0.16290306,455.2502
SNPS,LSTM,33.44619739662195,0.20120369,450.86203
SNPS,RNN,7.38487051646544,0.111120105,458.29526
SNPS,ANN,19.746801534218026,0.19751881,450.69617
SNPS,CNN,33.01530747657861,0.21434332,403.83524
SNPS,Random Forrest,11.855540889127269,0.22303140912075184,None
SNPS,Attention-based LSTM,26.015789757518995,0.10490214040210391,447.40726
STZ,BiDirectional LSTM,3.2325799883822044,0.29927287,269.09198
STZ,LSTM,4.683315599544463,0.22829643,264.6294
STZ,RNN,3.5798964064862395,0.17636396,270.48065
STZ,ANN,3.4581781262287152,0.40469825,269.65524
STZ,CNN,12.383264931537814,0.09764564,244.89508
STZ,Random Forrest,5.231917762189068,0.09289155190304857,None
STZ,Attention-based LSTM,7.382888829944994,0.052851125264651855,259.86368
TDY,BiDirectional LSTM,5.049413133984694,-0.09397392,414.29175
TDY,LSTM,6.8231895629914705,-0.073171355,406.5122
TDY,RNN,5.042991518164805,-0.021493241,415.14703
TDY,ANN,6.038840136060576,-0.12836841,413.75406
TDY,CNN,44.44032900837728,0.08061603,365.00916
TDY,Random Forrest,8.014034677897035,0.08688081940914065,None
TDY,Attention-based LSTM,11.437183973640206,0.00589389288056732,411.55756
SOXX,BiDirectional LSTM,9.378125421746287,0.2095262,517.0011
SOXX,LSTM,11.147401173995233,0.20814157,511.48883
SOXX,RNN,9.351036891247754,0.14202182,518.47845
SOXX,ANN,12.362455872109017,0.24689722,510.36176
SOXX,CNN,26.95319620815351,0.17210592,481.769
SOXX,Random Forrest,16.911693504224086,0.18236341262160563,None
SOXX,Attention-based LSTM,34.66015184022587,0.10742682922044794,504.68735
SYK,BiDirectional LSTM,5.040905003283647,0.0075204517,291.08176
SYK,LSTM,8.873569055348726,0.03799909,293.20135
SYK,RNN,3.5904190410512586,0.08866915,290.94028
SYK,ANN,6.10581585102784,0.037189968,292.1852
SYK,CNN,41.556989828785284,0.08724392,243.7356
SYK,Random Forrest,4.630450377959584,0.09641806231210671,None
SYK,Attention-based LSTM,14.063513079546185,0.1150837400132685,297.66986
TFX,BiDirectional LSTM,4.595337450484222,-0.020497398,256.46774
TFX,LSTM,5.748102745064795,-0.0029733009,253.77017
TFX,RNN,4.553311685470274,0.08441035,255.98433
TFX,ANN,5.318677759264441,-0.024424506,256.37823
TFX,CNN,36.230207903996856,0.14961588,222.76501
TFX,Random Forrest,16.786948290417495,0.14100157255910217,None
TFX,Attention-based LSTM,14.560488149729613,0.06492639579135714,248.81407
TMO,BiDirectional LSTM,17.285195495499526,-0.032411028,566.44696
TMO,LSTM,11.059337306689672,-0.06149369,541.32935
TMO,RNN,7.828869496497191,0.046906263,566.623
TMO,ANN,12.041826873885107,-0.14538336,555.3716
TMO,CNN,21.500138900436088,0.15793608,517.7517
TMO,Random Forrest,19.13458509652449,0.1599199695774001,None
TMO,Attention-based LSTM,24.55041734091224,0.03327055029600411,533.9247
TSLA,BiDirectional LSTM,7.7234743134234725,0.24401256,264.7679
TSLA,LSTM,10.411513073073824,0.29020682,268.508
TSLA,RNN,8.673383977490547,0.11827605,264.47992
TSLA,ANN,11.287135863362746,0.30016965,264.8916
TSLA,CNN,24.524843773830725,0.32914475,239.61436
TSLA,Random Forrest,23.116357247498442,0.3462344920394817,None
TSLA,Attention-based LSTM,30.088356252023143,0.07456908929172568,273.3368
TYL,BiDirectional LSTM,5.131720112484895,0.17689472,406.78836
TYL,LSTM,6.571194692657849,0.20581643,405.57394
TYL,RNN,7.219471410405796,0.182723,408.84003
TYL,ANN,8.172787658070973,0.28332734,403.19656
TYL,CNN,25.43246128237347,0.13147911,387.30496
TYL,Random Forrest,14.566336190127055,0.12840420216025558,None
TYL,Attention-based LSTM,10.145051004524817,0.06570525540986207,411.08868
ULTA,BiDirectional LSTM,18.235733762711643,-0.116785154,452.80585
ULTA,LSTM,12.082893990850698,-0.10520876,448.86807
ULTA,RNN,10.108822663068816,-0.04749685,452.48074
ULTA,ANN,14.77542925820301,-0.16387117,456.29797
ULTA,CNN,22.768952285259576,0.19961475,440.0809
ULTA,Random Forrest,14.815881504603611,0.1879553570392349,None
ULTA,Attention-based LSTM,38.77876059368631,0.023717460000503333,470.98102
VRTX,BiDirectional LSTM,9.233185085463967,0.14040849,357.45657
VRTX,LSTM,12.743905713442302,0.17292753,356.64795
VRTX,RNN,4.864580422320637,0.1514889,358.90875
VRTX,ANN,7.4326926012742955,0.16605707,356.7795
VRTX,CNN,23.556640440290945,0.11900784,326.16714
VRTX,Random Forrest,6.117306780050839,0.12981325372193953,None
VRTX,Attention-based LSTM,17.887324715591095,0.07267320322885508,354.64496
WAT,BiDirectional LSTM,5.6547958885489935,-0.05150758,286.73343
WAT,LSTM,6.033964246547433,-0.054702222,280.6706
WAT,RNN,5.732638854360312,-0.040788427,286.05203
WAT,ANN,8.044368418517147,-0.080968484,287.19534
WAT,CNN,16.960393222767387,0.14430366,262.5642
WAT,Random Forrest,15.386874632000243,0.14728107830840131,None
WAT,Attention-based LSTM,14.344456559608382,-0.03599628315900681,269.30255
VMI,BiDirectional LSTM,4.926700484729128,-0.080839925,281.105
VMI,LSTM,6.846272332216321,-0.052474298,281.57715
VMI,RNN,7.188740361724934,-0.07299876,281.4835
VMI,ANN,7.879733077775825,-0.15951934,278.9334
VMI,CNN,13.778584571386856,0.2390446,266.40265
VMI,Random Forrest,5.4515596768783015,0.22515088340535308,None
VMI,Attention-based LSTM,18.83503162096217,-0.03325423363529625,287.94516
WINA,BiDirectional LSTM,9.782715659612366,0.09930201,364.79807
WINA,LSTM,14.391620429814546,0.12225787,362.57834
WINA,RNN,6.302426773965731,0.112507954,364.49518
WINA,ANN,7.035852946923273,0.14457516,363.5719
WINA,CNN,7.080960904080132,0.14474727,358.41956
WINA,Random Forrest,15.020496012476304,0.1460625557392096,None
WINA,Attention-based LSTM,14.795798122488767,0.16133808740817415,348.2976
URI,BiDirectional LSTM,9.847862629558827,0.18519653,451.04932
URI,LSTM,17.416374112106663,0.29208353,458.97266
URI,RNN,10.864947710666975,0.0020405091,449.97995
URI,ANN,15.591821319954766,0.2727697,449.21414
URI,CNN,11.481347667343446,0.24148175,445.06055
URI,Random Forrest,16.357090218932065,0.2567348460016356,None
URI,Attention-based LSTM,36.134286418888934,0.0756688863905872,443.20734
UNH,BiDirectional LSTM,10.597306521820553,-0.025431814,507.10312
UNH,LSTM,11.432217801973385,-0.008165496,505.55624
UNH,RNN,8.73422907996887,0.059438974,508.73267
UNH,ANN,10.78504988449721,-0.02839485,508.7159
UNH,CNN,20.86950175477246,0.18512107,467.97534
UNH,Random Forrest,11.26128270094916,0.17397224542622572,None
UNH,Attention-based LSTM,23.229715762289477,0.005490524198349364,486.11584
WSO,BiDirectional LSTM,8.744653797364817,0.17538516,367.47745
WSO,LSTM,13.382522434891674,0.1752747,365.98364
WSO,RNN,6.831260399292307,0.1224081,367.42004
WSO,ANN,15.471430926451792,0.27647096,367.43713
WSO,CNN,12.880371111677261,0.14889078,352.0395
WSO,Random Forrest,7.435000402131765,0.15486299414707802,None
WSO,Attention-based LSTM,15.315746781243652,0.1007659091737719,369.59692
WST,BiDirectional LSTM,4.750537786407104,0.093354754,377.78085
WST,LSTM,5.988037455856482,0.101983905,375.3835
WST,RNN,4.291422904554728,0.154637,377.2834
WST,ANN,6.172625306524827,0.15879849,376.40668
WST,CNN,10.91737315728626,0.20684871,378.8415
WST,Random Forrest,19.18998574206022,0.21696528488478828,None
WST,Attention-based LSTM,28.54887089800889,0.1412759132914227,373.1281
ZBRA,BiDirectional LSTM,7.807054650791336,0.01423213,300.8518
ZBRA,LSTM,9.413324819875543,0.040390275,308.72034
ZBRA,RNN,7.168943091594702,0.01345955,301.24976
ZBRA,ANN,9.112580968642632,0.033600036,303.28894
ZBRA,CNN,28.919510089348464,0.20791735,286.03967
ZBRA,Random Forrest,21.771493697754686,0.21293444643699608,None
ZBRA,Attention-based LSTM,16.324349114956515,0.052140704972655785,300.13495
